https://www.data.go.kr/cmm/cmm/fileDownload.do?atchFileId=FILE_000000001354438&fileDetailSn=0,15000576
https://www.data.go.kr/cmm/cmm/fileDownload.do?atchFileId=FILE_000000001398741&fileDetailSn=0,3047490
https://www.data.go.kr/cmm/cmm/fileDownload.do?atchFileId=FILE_000000001399022&fileDetailSn=0,3033575
https://www.data.go.kr/cmm/cmm/fileDownload.do?atchFileId=FILE_000000001401470&fileDetailSn=0,3033573
https://www.data.go.kr/cmm/cmm/fileDownload.do?atchFileId=FILE_000000002466725&fileDetailSn=1,15000334
https://www.data.go.kr/cmm/cmm/fileDownload.do?atchFileId=FILE_000000001493509&fileDetailSn=0,3070652
https://www.data.go.kr/cmm/cmm/fileDownload.do?atchFileId=FILE_000000001354438&fileDetailSn=0,15000576
https://www.data.go.kr/cmm/cmm/fileDownload.do?atchFileId=FILE_000000001398741&fileDetailSn=0,3047490
https://www.data.go.kr/cmm/cmm/fileDownload.do?atchFileId=FILE_000000001399022&fileDetailSn=0,3033575
https://www.data.go.kr/cmm/cmm/fileDownload.do?atchFileId=FILE_000000001401470&fileDetailSn=0,3033573
https://www.data.go.kr/cmm/cmm/fileDownload.do?atchFileId=FILE_000000002466725&fileDetailSn=1,15000334
https://www.data.go.kr/cmm/cmm/fileDownload.do?atchFileId=FILE_000000002468896&fileDetailSn=1,15077746
https://www.data.go.kr/cmm/cmm/fileDownload.do?atchFileId=FILE_000000002247495&fileDetailSn=1,15059594
https://www.data.go.kr/cmm/cmm/fileDownload.do?atchFileId=FILE_000000002247645&fileDetailSn=1,15059606
https://www.data.go.kr/cmm/cmm/fileDownload.do?atchFileId=FILE_000000002273187&fileDetailSn=1,15061336
https://www.data.go.kr/cmm/cmm/fileDownload.do?atchFileId=FILE_000000002273226&fileDetailSn=1,15061358
https://www.data.go.kr/cmm/cmm/fileDownload.do?atchFileId=FILE_000000002387894&fileDetailSn=1,15079660
https://www.data.go.kr/cmm/cmm/fileDownload.do?atchFileId=FILE_000000002387896&fileDetailSn=1,15079697
https://www.data.go.kr/cmm/cmm/fileDownload.do?atchFileId=FILE_000000002387915&fileDetailSn=1,15079824
https://www.data.go.kr/cmm/cmm/fileDownload.do?atchFileId=FILE_000000002387897&fileDetailSn=1,15079681
https://www.data.go.kr/cmm/cmm/fileDownload.do?atchFileId=FILE_000000002260417&fileDetailSn=1,15043360
https://www.data.go.kr/cmm/cmm/fileDownload.do?atchFileId=FILE_000000001494909&fileDetailSn=0,15000115
https://www.data.go.kr/cmm/cmm/fileDownload.do?atchFileId=FILE_000000002366594&fileDetailSn=1,15075826
https://www.data.go.kr/cmm/cmm/fileDownload.do?atchFileId=FILE_000000002368490&fileDetailSn=1,15076242
https://www.data.go.kr/cmm/cmm/fileDownload.do?atchFileId=FILE_000000001617833&fileDetailSn=0,15000830
https://www.data.go.kr/cmm/cmm/fileDownload.do?atchFileId=FILE_000000002366746&fileDetailSn=1,15075713
https://www.data.go.kr/cmm/cmm/fileDownload.do?atchFileId=FILE_000000002366603&fileDetailSn=1,15075850
https://www.data.go.kr/cmm/cmm/fileDownload.do?atchFileId=FILE_000000001471454&fileDetailSn=0,3056955
https://www.data.go.kr/cmm/cmm/fileDownload.do?atchFileId=&fileDetailSn=,15029174
https://www.data.go.kr/cmm/cmm/fileDownload.do?atchFileId=&fileDetailSn=,15029181
https://www.data.go.kr/cmm/cmm/fileDownload.do?atchFileId=&fileDetailSn=,15029185
https://www.data.go.kr/cmm/cmm/fileDownload.do?atchFileId=&fileDetailSn=,15029187
https://www.data.go.kr/cmm/cmm/fileDownload.do?atchFileId=&fileDetailSn=,15077093
https://www.data.go.kr/cmm/cmm/fileDownload.do?atchFileId=&fileDetailSn=,15057075
https://www.data.go.kr/cmm/cmm/fileDownload.do?atchFileId=&fileDetailSn=,15080901
https://www.data.go.kr/cmm/cmm/fileDownload.do?atchFileId=&fileDetailSn=,15012895
https://www.data.go.kr/cmm/cmm/fileDownload.do?atchFileId=&fileDetailSn=,15013114
https://www.data.go.kr/cmm/cmm/fileDownload.do?atchFileId=&fileDetailSn=,15013117
https://www.data.go.kr/cmm/cmm/fileDownload.do?atchFileId=&fileDetailSn=,15017321
https://www.data.go.kr/cmm/cmm/fileDownload.do?atchFileId=&fileDetailSn=,15017323
https://www.data.go.kr/cmm/cmm/fileDownload.do?atchFileId=&fileDetailSn=,15021139
https://www.data.go.kr/cmm/cmm/fileDownload.do?atchFileId=&fileDetailSn=,15021145
https://www.data.go.kr/cmm/cmm/fileDownload.do?atchFileId=&fileDetailSn=,15021149
https://www.data.go.kr/cmm/cmm/fileDownload.do?atchFileId=&fileDetailSn=,15023681
https://www.data.go.kr/cmm/cmm/fileDownload.do?atchFileId=&fileDetailSn=,15028196
https://www.data.go.kr/cmm/cmm/fileDownload.do?atchFileId=&fileDetailSn=,15028199
https://www.data.go.kr/cmm/cmm/fileDownload.do?atchFileId=&fileDetailSn=,15034213
https://www.data.go.kr/cmm/cmm/fileDownload.do?atchFileId=&fileDetailSn=,15029183
https://www.data.go.kr/cmm/cmm/fileDownload.do?atchFileId=&fileDetailSn=,15034530
https://www.data.go.kr/cmm/cmm/fileDownload.do?atchFileId=&fileDetailSn=,15034536
https://www.data.go.kr/cmm/cmm/fileDownload.do?atchFileId=&fileDetailSn=,15034542
https://www.data.go.kr/cmm/cmm/fileDownload.do?atchFileId=&fileDetailSn=,15080892
https://www.data.go.kr/cmm/cmm/fileDownload.do?atchFileId=&fileDetailSn=,15080899
https://www.data.go.kr/cmm/cmm/fileDownload.do?atchFileId=&fileDetailSn=,15017322
https://www.data.go.kr/cmm/cmm/fileDownload.do?atchFileId=&fileDetailSn=,15017326
https://www.data.go.kr/cmm/cmm/fileDownload.do?atchFileId=&fileDetailSn=,15021106
https://www.data.go.kr/cmm/cmm/fileDownload.do?atchFileId=&fileDetailSn=,15056667
https://www.data.go.kr/cmm/cmm/fileDownload.do?atchFileId=&fileDetailSn=,15021147
https://www.data.go.kr/cmm/cmm/fileDownload.do?atchFileId=&fileDetailSn=,15021154
https://www.data.go.kr/cmm/cmm/fileDownload.do?atchFileId=&fileDetailSn=,15025443
https://www.data.go.kr/cmm/cmm/fileDownload.do?atchFileId=&fileDetailSn=,15025451
https://www.data.go.kr/cmm/cmm/fileDownload.do?atchFileId=&fileDetailSn=,15025453
https://www.data.go.kr/cmm/cmm/fileDownload.do?atchFileId=&fileDetailSn=,15028200
https://www.data.go.kr/cmm/cmm/fileDownload.do?atchFileId=&fileDetailSn=,15028207
https://www.data.go.kr/cmm/cmm/fileDownload.do?atchFileId=&fileDetailSn=,15029178
https://www.data.go.kr/cmm/cmm/fileDownload.do?atchFileId=&fileDetailSn=,15013094
https://www.data.go.kr/cmm/cmm/fileDownload.do?atchFileId=&fileDetailSn=,15013107
https://www.data.go.kr/cmm/cmm/fileDownload.do?atchFileId=&fileDetailSn=,15013116
https://www.data.go.kr/cmm/cmm/fileDownload.do?atchFileId=&fileDetailSn=,15013193
https://www.data.go.kr/cmm/cmm/fileDownload.do?atchFileId=&fileDetailSn=,15021103
https://www.data.go.kr/cmm/cmm/fileDownload.do?atchFileId=&fileDetailSn=,15021107
https://www.data.go.kr/cmm/cmm/fileDownload.do?atchFileId=&fileDetailSn=,15028193
https://www.data.go.kr/cmm/cmm/fileDownload.do?atchFileId=&fileDetailSn=,15028205
https://www.data.go.kr/cmm/cmm/fileDownload.do?atchFileId=&fileDetailSn=,15029071
https://www.data.go.kr/cmm/cmm/fileDownload.do?atchFileId=&fileDetailSn=,15034535
https://www.data.go.kr/cmm/cmm/fileDownload.do?atchFileId=&fileDetailSn=,15075451
https://www.data.go.kr/cmm/cmm/fileDownload.do?atchFileId=&fileDetailSn=,15085847
https://www.data.go.kr/cmm/cmm/fileDownload.do?atchFileId=&fileDetailSn=,15080898
https://www.data.go.kr/cmm/cmm/fileDownload.do?atchFileId=&fileDetailSn=,15012896
https://www.data.go.kr/cmm/cmm/fileDownload.do?atchFileId=&fileDetailSn=,15013113
https://www.data.go.kr/cmm/cmm/fileDownload.do?atchFileId=&fileDetailSn=,15021098
https://www.data.go.kr/cmm/cmm/fileDownload.do?atchFileId=&fileDetailSn=,15021104
https://www.data.go.kr/cmm/cmm/fileDownload.do?atchFileId=&fileDetailSn=,15021158
https://www.data.go.kr/cmm/cmm/fileDownload.do?atchFileId=&fileDetailSn=,15025446
https://www.data.go.kr/cmm/cmm/fileDownload.do?atchFileId=&fileDetailSn=,15025456
https://www.data.go.kr/cmm/cmm/fileDownload.do?atchFileId=&fileDetailSn=,15028194
https://www.data.go.kr/cmm/cmm/fileDownload.do?atchFileId=&fileDetailSn=,15028202
https://www.data.go.kr/cmm/cmm/fileDownload.do?atchFileId=&fileDetailSn=,15034534
https://www.data.go.kr/cmm/cmm/fileDownload.do?atchFileId=&fileDetailSn=,15034544
https://www.data.go.kr/cmm/cmm/fileDownload.do?atchFileId=&fileDetailSn=,15077756
https://www.data.go.kr/cmm/cmm/fileDownload.do?atchFileId=&fileDetailSn=,15013111
https://www.data.go.kr/cmm/cmm/fileDownload.do?atchFileId=&fileDetailSn=,15013192
https://www.data.go.kr/cmm/cmm/fileDownload.do?atchFileId=&fileDetailSn=,15013202
https://www.data.go.kr/cmm/cmm/fileDownload.do?atchFileId=&fileDetailSn=,15013206
https://www.data.go.kr/cmm/cmm/fileDownload.do?atchFileId=&fileDetailSn=,15017319
https://www.data.go.kr/cmm/cmm/fileDownload.do?atchFileId=&fileDetailSn=,15021105
https://www.data.go.kr/cmm/cmm/fileDownload.do?atchFileId=&fileDetailSn=,15021153
https://www.data.go.kr/cmm/cmm/fileDownload.do?atchFileId=&fileDetailSn=,15063950
https://www.data.go.kr/cmm/cmm/fileDownload.do?atchFileId=&fileDetailSn=,15025454
https://www.data.go.kr/cmm/cmm/fileDownload.do?atchFileId=&fileDetailSn=,15025455
https://www.data.go.kr/cmm/cmm/fileDownload.do?atchFileId=&fileDetailSn=,15025689
https://www.data.go.kr/cmm/cmm/fileDownload.do?atchFileId=&fileDetailSn=,15029179
https://www.data.go.kr/cmm/cmm/fileDownload.do?atchFileId=&fileDetailSn=,15057391
https://www.data.go.kr/cmm/cmm/fileDownload.do?atchFileId=&fileDetailSn=,15034532
https://www.data.go.kr/cmm/cmm/fileDownload.do?atchFileId=&fileDetailSn=,15034533
https://www.data.go.kr/cmm/cmm/fileDownload.do?atchFileId=&fileDetailSn=,15013109
https://www.data.go.kr/cmm/cmm/fileDownload.do?atchFileId=&fileDetailSn=,15013194
https://www.data.go.kr/cmm/cmm/fileDownload.do?atchFileId=&fileDetailSn=,15013203
https://www.data.go.kr/cmm/cmm/fileDownload.do?atchFileId=&fileDetailSn=,15017320
https://www.data.go.kr/cmm/cmm/fileDownload.do?atchFileId=&fileDetailSn=,15021138
https://www.data.go.kr/cmm/cmm/fileDownload.do?atchFileId=&fileDetailSn=,15021144
https://www.data.go.kr/cmm/cmm/fileDownload.do?atchFileId=&fileDetailSn=,15021148
https://www.data.go.kr/cmm/cmm/fileDownload.do?atchFileId=&fileDetailSn=,15023680
https://www.data.go.kr/cmm/cmm/fileDownload.do?atchFileId=&fileDetailSn=,15028201
https://www.data.go.kr/cmm/cmm/fileDownload.do?atchFileId=&fileDetailSn=,15028206
https://www.data.go.kr/cmm/cmm/fileDownload.do?atchFileId=&fileDetailSn=,15012891
https://www.data.go.kr/cmm/cmm/fileDownload.do?atchFileId=&fileDetailSn=,15029176
https://www.data.go.kr/cmm/cmm/fileDownload.do?atchFileId=&fileDetailSn=,15012890
https://www.data.go.kr/cmm/cmm/fileDownload.do?atchFileId=&fileDetailSn=,15013104
https://www.data.go.kr/cmm/cmm/fileDownload.do?atchFileId=&fileDetailSn=,15013205
https://www.data.go.kr/cmm/cmm/fileDownload.do?atchFileId=&fileDetailSn=,15017318
https://www.data.go.kr/cmm/cmm/fileDownload.do?atchFileId=&fileDetailSn=,15021151
https://www.data.go.kr/cmm/cmm/fileDownload.do?atchFileId=&fileDetailSn=,15021156
https://www.data.go.kr/cmm/cmm/fileDownload.do?atchFileId=&fileDetailSn=,15025444
https://www.data.go.kr/cmm/cmm/fileDownload.do?atchFileId=&fileDetailSn=,15025448
https://www.data.go.kr/cmm/cmm/fileDownload.do?atchFileId=&fileDetailSn=,15028204
https://www.data.go.kr/cmm/cmm/fileDownload.do?atchFileId=&fileDetailSn=,15029182
https://www.data.go.kr/cmm/cmm/fileDownload.do?atchFileId=&fileDetailSn=,15034541
https://www.data.go.kr/cmm/cmm/fileDownload.do?atchFileId=&fileDetailSn=,15073886
https://www.data.go.kr/cmm/cmm/fileDownload.do?atchFileId=&fileDetailSn=,15059496
https://www.data.go.kr/cmm/cmm/fileDownload.do?atchFileId=&fileDetailSn=,15012893
https://www.data.go.kr/cmm/cmm/fileDownload.do?atchFileId=&fileDetailSn=,15021108
https://www.data.go.kr/cmm/cmm/fileDownload.do?atchFileId=&fileDetailSn=,15021137
https://www.data.go.kr/cmm/cmm/fileDownload.do?atchFileId=&fileDetailSn=,15081808
https://www.data.go.kr/cmm/cmm/fileDownload.do?atchFileId=FILE_000000002438330&fileDetailSn=1,15088659
https://www.data.go.kr/cmm/cmm/fileDownload.do?atchFileId=&fileDetailSn=,15034538
https://www.data.go.kr/cmm/cmm/fileDownload.do?atchFileId=&fileDetailSn=,15025445
https://www.data.go.kr/cmm/cmm/fileDownload.do?atchFileId=&fileDetailSn=,15025450
https://www.data.go.kr/cmm/cmm/fileDownload.do?atchFileId=&fileDetailSn=,15028195
https://www.data.go.kr/cmm/cmm/fileDownload.do?atchFileId=&fileDetailSn=,15029180
https://www.data.go.kr/cmm/cmm/fileDownload.do?atchFileId=&fileDetailSn=,15013112
https://www.data.go.kr/cmm/cmm/fileDownload.do?atchFileId=&fileDetailSn=,15081240
https://www.data.go.kr/cmm/cmm/fileDownload.do?atchFileId=&fileDetailSn=,15013110
https://www.data.go.kr/cmm/cmm/fileDownload.do?atchFileId=&fileDetailSn=,15028208
https://www.data.go.kr/cmm/cmm/fileDownload.do?atchFileId=&fileDetailSn=,15012892
https://www.data.go.kr/cmm/cmm/fileDownload.do?atchFileId=&fileDetailSn=,15013105
https://www.data.go.kr/cmm/cmm/fileDownload.do?atchFileId=&fileDetailSn=,15029177
https://www.data.go.kr/cmm/cmm/fileDownload.do?atchFileId=&fileDetailSn=,15080835
https://www.data.go.kr/cmm/cmm/fileDownload.do?atchFileId=&fileDetailSn=,15029186
https://www.data.go.kr/cmm/cmm/fileDownload.do?atchFileId=&fileDetailSn=,15023678
https://www.data.go.kr/cmm/cmm/fileDownload.do?atchFileId=&fileDetailSn=,15028198
https://www.data.go.kr/cmm/cmm/fileDownload.do?atchFileId=&fileDetailSn=,15028197
https://www.data.go.kr/cmm/cmm/fileDownload.do?atchFileId=&fileDetailSn=,15077586
https://www.data.go.kr/cmm/cmm/fileDownload.do?atchFileId=&fileDetailSn=,15012894
https://www.data.go.kr/cmm/cmm/fileDownload.do?atchFileId=&fileDetailSn=,15013106
https://www.data.go.kr/cmm/cmm/fileDownload.do?atchFileId=&fileDetailSn=,15013199
https://www.data.go.kr/cmm/cmm/fileDownload.do?atchFileId=&fileDetailSn=,15017325
https://www.data.go.kr/cmm/cmm/fileDownload.do?atchFileId=&fileDetailSn=,15086283
https://www.data.go.kr/cmm/cmm/fileDownload.do?atchFileId=&fileDetailSn=,15029184
https://www.data.go.kr/cmm/cmm/fileDownload.do?atchFileId=&fileDetailSn=,15034531
https://www.data.go.kr/cmm/cmm/fileDownload.do?atchFileId=&fileDetailSn=,15080856
https://www.data.go.kr/cmm/cmm/fileDownload.do?atchFileId=&fileDetailSn=,15017324
https://www.data.go.kr/cmm/cmm/fileDownload.do?atchFileId=&fileDetailSn=,15021141
https://www.data.go.kr/cmm/cmm/fileDownload.do?atchFileId=&fileDetailSn=,15025449
https://www.data.go.kr/cmm/cmm/fileDownload.do?atchFileId=&fileDetailSn=,15028203
https://www.data.go.kr/cmm/cmm/fileDownload.do?atchFileId=&fileDetailSn=,15029175
https://www.data.go.kr/cmm/cmm/fileDownload.do?atchFileId=&fileDetailSn=,15063953
https://www.data.go.kr/cmm/cmm/fileDownload.do?atchFileId=&fileDetailSn=,15025538
https://www.data.go.kr/cmm/cmm/fileDownload.do?atchFileId=&fileDetailSn=,15029173
https://www.data.go.kr/cmm/cmm/fileDownload.do?atchFileId=&fileDetailSn=,15029174
https://www.data.go.kr/cmm/cmm/fileDownload.do?atchFileId=&fileDetailSn=,15029181
https://www.data.go.kr/cmm/cmm/fileDownload.do?atchFileId=&fileDetailSn=,15029185
https://www.data.go.kr/cmm/cmm/fileDownload.do?atchFileId=&fileDetailSn=,15029187
https://www.data.go.kr/cmm/cmm/fileDownload.do?atchFileId=&fileDetailSn=,15077093
https://www.data.go.kr/cmm/cmm/fileDownload.do?atchFileId=&fileDetailSn=,15057075
https://www.data.go.kr/cmm/cmm/fileDownload.do?atchFileId=&fileDetailSn=,15080901
https://www.data.go.kr/cmm/cmm/fileDownload.do?atchFileId=&fileDetailSn=,15012895
https://www.data.go.kr/cmm/cmm/fileDownload.do?atchFileId=&fileDetailSn=,15013114
https://www.data.go.kr/cmm/cmm/fileDownload.do?atchFileId=&fileDetailSn=,15013117
https://www.data.go.kr/cmm/cmm/fileDownload.do?atchFileId=&fileDetailSn=,15017321
https://www.data.go.kr/cmm/cmm/fileDownload.do?atchFileId=&fileDetailSn=,15017323
https://www.data.go.kr/cmm/cmm/fileDownload.do?atchFileId=&fileDetailSn=,15021139
https://www.data.go.kr/cmm/cmm/fileDownload.do?atchFileId=&fileDetailSn=,15021145
https://www.data.go.kr/cmm/cmm/fileDownload.do?atchFileId=&fileDetailSn=,15021149
https://www.data.go.kr/cmm/cmm/fileDownload.do?atchFileId=&fileDetailSn=,15023681
https://www.data.go.kr/cmm/cmm/fileDownload.do?atchFileId=&fileDetailSn=,15028196
https://www.data.go.kr/cmm/cmm/fileDownload.do?atchFileId=&fileDetailSn=,15028199
https://www.data.go.kr/cmm/cmm/fileDownload.do?atchFileId=&fileDetailSn=,15034213
https://www.data.go.kr/cmm/cmm/fileDownload.do?atchFileId=&fileDetailSn=,15029183
https://www.data.go.kr/cmm/cmm/fileDownload.do?atchFileId=&fileDetailSn=,15034530
https://www.data.go.kr/cmm/cmm/fileDownload.do?atchFileId=&fileDetailSn=,15034536
https://www.data.go.kr/cmm/cmm/fileDownload.do?atchFileId=&fileDetailSn=,15034542
https://www.data.go.kr/cmm/cmm/fileDownload.do?atchFileId=&fileDetailSn=,15080892
https://www.data.go.kr/cmm/cmm/fileDownload.do?atchFileId=&fileDetailSn=,15080899
https://www.data.go.kr/cmm/cmm/fileDownload.do?atchFileId=&fileDetailSn=,15017322
https://www.data.go.kr/cmm/cmm/fileDownload.do?atchFileId=&fileDetailSn=,15017326
https://www.data.go.kr/cmm/cmm/fileDownload.do?atchFileId=&fileDetailSn=,15021106
https://www.data.go.kr/cmm/cmm/fileDownload.do?atchFileId=&fileDetailSn=,15056667
https://www.data.go.kr/cmm/cmm/fileDownload.do?atchFileId=&fileDetailSn=,15021147
https://www.data.go.kr/cmm/cmm/fileDownload.do?atchFileId=&fileDetailSn=,15021154
https://www.data.go.kr/cmm/cmm/fileDownload.do?atchFileId=&fileDetailSn=,15025443
https://www.data.go.kr/cmm/cmm/fileDownload.do?atchFileId=&fileDetailSn=,15025451
https://www.data.go.kr/cmm/cmm/fileDownload.do?atchFileId=&fileDetailSn=,15025453
https://www.data.go.kr/cmm/cmm/fileDownload.do?atchFileId=&fileDetailSn=,15028200
https://www.data.go.kr/cmm/cmm/fileDownload.do?atchFileId=&fileDetailSn=,15028207
https://www.data.go.kr/cmm/cmm/fileDownload.do?atchFileId=&fileDetailSn=,15029178
https://www.data.go.kr/cmm/cmm/fileDownload.do?atchFileId=&fileDetailSn=,15013094
https://www.data.go.kr/cmm/cmm/fileDownload.do?atchFileId=&fileDetailSn=,15013107
https://www.data.go.kr/cmm/cmm/fileDownload.do?atchFileId=&fileDetailSn=,15013116
https://www.data.go.kr/cmm/cmm/fileDownload.do?atchFileId=&fileDetailSn=,15013193
https://www.data.go.kr/cmm/cmm/fileDownload.do?atchFileId=&fileDetailSn=,15021103
https://www.data.go.kr/cmm/cmm/fileDownload.do?atchFileId=&fileDetailSn=,15021107
https://www.data.go.kr/cmm/cmm/fileDownload.do?atchFileId=&fileDetailSn=,15028193
https://www.data.go.kr/cmm/cmm/fileDownload.do?atchFileId=&fileDetailSn=,15028205
https://www.data.go.kr/cmm/cmm/fileDownload.do?atchFileId=&fileDetailSn=,15029071
https://www.data.go.kr/cmm/cmm/fileDownload.do?atchFileId=&fileDetailSn=,15034535
https://www.data.go.kr/cmm/cmm/fileDownload.do?atchFileId=&fileDetailSn=,15075451
https://www.data.go.kr/cmm/cmm/fileDownload.do?atchFileId=&fileDetailSn=,15085847
https://www.data.go.kr/cmm/cmm/fileDownload.do?atchFileId=&fileDetailSn=,15080898
https://www.data.go.kr/cmm/cmm/fileDownload.do?atchFileId=&fileDetailSn=,15012896
https://www.data.go.kr/cmm/cmm/fileDownload.do?atchFileId=&fileDetailSn=,15013113
https://www.data.go.kr/cmm/cmm/fileDownload.do?atchFileId=&fileDetailSn=,15021098
https://www.data.go.kr/cmm/cmm/fileDownload.do?atchFileId=&fileDetailSn=,15021104
https://www.data.go.kr/cmm/cmm/fileDownload.do?atchFileId=&fileDetailSn=,15021158
https://www.data.go.kr/cmm/cmm/fileDownload.do?atchFileId=&fileDetailSn=,15025446
https://www.data.go.kr/cmm/cmm/fileDownload.do?atchFileId=&fileDetailSn=,15025456
https://www.data.go.kr/cmm/cmm/fileDownload.do?atchFileId=&fileDetailSn=,15028194
https://www.data.go.kr/cmm/cmm/fileDownload.do?atchFileId=&fileDetailSn=,15028202
https://www.data.go.kr/cmm/cmm/fileDownload.do?atchFileId=&fileDetailSn=,15034534
https://www.data.go.kr/cmm/cmm/fileDownload.do?atchFileId=&fileDetailSn=,15034544
https://www.data.go.kr/cmm/cmm/fileDownload.do?atchFileId=&fileDetailSn=,15077756
https://www.data.go.kr/cmm/cmm/fileDownload.do?atchFileId=&fileDetailSn=,15013111
https://www.data.go.kr/cmm/cmm/fileDownload.do?atchFileId=&fileDetailSn=,15013192
https://www.data.go.kr/cmm/cmm/fileDownload.do?atchFileId=&fileDetailSn=,15013202
https://www.data.go.kr/cmm/cmm/fileDownload.do?atchFileId=&fileDetailSn=,15013206
https://www.data.go.kr/cmm/cmm/fileDownload.do?atchFileId=&fileDetailSn=,15017319
https://www.data.go.kr/cmm/cmm/fileDownload.do?atchFileId=&fileDetailSn=,15021105
https://www.data.go.kr/cmm/cmm/fileDownload.do?atchFileId=&fileDetailSn=,15021153
https://www.data.go.kr/cmm/cmm/fileDownload.do?atchFileId=&fileDetailSn=,15063950
https://www.data.go.kr/cmm/cmm/fileDownload.do?atchFileId=&fileDetailSn=,15025454
https://www.data.go.kr/cmm/cmm/fileDownload.do?atchFileId=&fileDetailSn=,15025455
https://www.data.go.kr/cmm/cmm/fileDownload.do?atchFileId=&fileDetailSn=,15025689
https://www.data.go.kr/cmm/cmm/fileDownload.do?atchFileId=&fileDetailSn=,15029179
https://www.data.go.kr/cmm/cmm/fileDownload.do?atchFileId=&fileDetailSn=,15057391
https://www.data.go.kr/cmm/cmm/fileDownload.do?atchFileId=&fileDetailSn=,15034532
https://www.data.go.kr/cmm/cmm/fileDownload.do?atchFileId=&fileDetailSn=,15034533
https://www.data.go.kr/cmm/cmm/fileDownload.do?atchFileId=&fileDetailSn=,15013109
https://www.data.go.kr/cmm/cmm/fileDownload.do?atchFileId=&fileDetailSn=,15013194
https://www.data.go.kr/cmm/cmm/fileDownload.do?atchFileId=&fileDetailSn=,15013203
https://www.data.go.kr/cmm/cmm/fileDownload.do?atchFileId=&fileDetailSn=,15017320
https://www.data.go.kr/cmm/cmm/fileDownload.do?atchFileId=&fileDetailSn=,15021138
https://www.data.go.kr/cmm/cmm/fileDownload.do?atchFileId=&fileDetailSn=,15021144
https://www.data.go.kr/cmm/cmm/fileDownload.do?atchFileId=&fileDetailSn=,15021148
https://www.data.go.kr/cmm/cmm/fileDownload.do?atchFileId=&fileDetailSn=,15023680
https://www.data.go.kr/cmm/cmm/fileDownload.do?atchFileId=&fileDetailSn=,15028201
https://www.data.go.kr/cmm/cmm/fileDownload.do?atchFileId=&fileDetailSn=,15028206
https://www.data.go.kr/cmm/cmm/fileDownload.do?atchFileId=&fileDetailSn=,15012891
https://www.data.go.kr/cmm/cmm/fileDownload.do?atchFileId=&fileDetailSn=,15029176
https://www.data.go.kr/cmm/cmm/fileDownload.do?atchFileId=&fileDetailSn=,15012890
https://www.data.go.kr/cmm/cmm/fileDownload.do?atchFileId=&fileDetailSn=,15013104
https://www.data.go.kr/cmm/cmm/fileDownload.do?atchFileId=&fileDetailSn=,15013205
https://www.data.go.kr/cmm/cmm/fileDownload.do?atchFileId=&fileDetailSn=,15017318
https://www.data.go.kr/cmm/cmm/fileDownload.do?atchFileId=&fileDetailSn=,15021151
https://www.data.go.kr/cmm/cmm/fileDownload.do?atchFileId=&fileDetailSn=,15021156
https://www.data.go.kr/cmm/cmm/fileDownload.do?atchFileId=&fileDetailSn=,15025444
https://www.data.go.kr/cmm/cmm/fileDownload.do?atchFileId=&fileDetailSn=,15025448
https://www.data.go.kr/cmm/cmm/fileDownload.do?atchFileId=&fileDetailSn=,15028204
https://www.data.go.kr/cmm/cmm/fileDownload.do?atchFileId=&fileDetailSn=,15029182
https://www.data.go.kr/cmm/cmm/fileDownload.do?atchFileId=&fileDetailSn=,15034541
https://www.data.go.kr/cmm/cmm/fileDownload.do?atchFileId=&fileDetailSn=,15073886
https://www.data.go.kr/cmm/cmm/fileDownload.do?atchFileId=&fileDetailSn=,15059496
https://www.data.go.kr/cmm/cmm/fileDownload.do?atchFileId=&fileDetailSn=,15012893
https://www.data.go.kr/cmm/cmm/fileDownload.do?atchFileId=&fileDetailSn=,15021108
https://www.data.go.kr/cmm/cmm/fileDownload.do?atchFileId=&fileDetailSn=,15021137
https://www.data.go.kr/cmm/cmm/fileDownload.do?atchFileId=&fileDetailSn=,15081808
https://www.data.go.kr/cmm/cmm/fileDownload.do?atchFileId=&fileDetailSn=,15034538
https://www.data.go.kr/cmm/cmm/fileDownload.do?atchFileId=&fileDetailSn=,15025445
https://www.data.go.kr/cmm/cmm/fileDownload.do?atchFileId=&fileDetailSn=,15025450
https://www.data.go.kr/cmm/cmm/fileDownload.do?atchFileId=&fileDetailSn=,15028195
https://www.data.go.kr/cmm/cmm/fileDownload.do?atchFileId=&fileDetailSn=,15029180
https://www.data.go.kr/cmm/cmm/fileDownload.do?atchFileId=&fileDetailSn=,15013112
https://www.data.go.kr/cmm/cmm/fileDownload.do?atchFileId=&fileDetailSn=,15081240
https://www.data.go.kr/cmm/cmm/fileDownload.do?atchFileId=&fileDetailSn=,15013110
https://www.data.go.kr/cmm/cmm/fileDownload.do?atchFileId=FILE_000000001394989&fileDetailSn=0,3036596
https://www.data.go.kr/cmm/cmm/fileDownload.do?atchFileId=&fileDetailSn=,15028208
https://www.data.go.kr/cmm/cmm/fileDownload.do?atchFileId=&fileDetailSn=,15012892
https://www.data.go.kr/cmm/cmm/fileDownload.do?atchFileId=&fileDetailSn=,15013105
https://www.data.go.kr/cmm/cmm/fileDownload.do?atchFileId=&fileDetailSn=,15029177
https://www.data.go.kr/cmm/cmm/fileDownload.do?atchFileId=&fileDetailSn=,15080835
https://www.data.go.kr/cmm/cmm/fileDownload.do?atchFileId=&fileDetailSn=,15029186
https://www.data.go.kr/cmm/cmm/fileDownload.do?atchFileId=&fileDetailSn=,15023678
https://www.data.go.kr/cmm/cmm/fileDownload.do?atchFileId=&fileDetailSn=,15028198
https://www.data.go.kr/cmm/cmm/fileDownload.do?atchFileId=&fileDetailSn=,15028197
https://www.data.go.kr/cmm/cmm/fileDownload.do?atchFileId=&fileDetailSn=,15077586
https://www.data.go.kr/cmm/cmm/fileDownload.do?atchFileId=&fileDetailSn=,15012894
https://www.data.go.kr/cmm/cmm/fileDownload.do?atchFileId=&fileDetailSn=,15013106
https://www.data.go.kr/cmm/cmm/fileDownload.do?atchFileId=&fileDetailSn=,15013199
https://www.data.go.kr/cmm/cmm/fileDownload.do?atchFileId=&fileDetailSn=,15017325
https://www.data.go.kr/cmm/cmm/fileDownload.do?atchFileId=&fileDetailSn=,15086283
https://www.data.go.kr/cmm/cmm/fileDownload.do?atchFileId=&fileDetailSn=,15029184
https://www.data.go.kr/cmm/cmm/fileDownload.do?atchFileId=&fileDetailSn=,15034531
https://www.data.go.kr/cmm/cmm/fileDownload.do?atchFileId=&fileDetailSn=,15080856
https://www.data.go.kr/cmm/cmm/fileDownload.do?atchFileId=&fileDetailSn=,15017324
https://www.data.go.kr/cmm/cmm/fileDownload.do?atchFileId=&fileDetailSn=,15021141
https://www.data.go.kr/cmm/cmm/fileDownload.do?atchFileId=&fileDetailSn=,15025449
https://www.data.go.kr/cmm/cmm/fileDownload.do?atchFileId=&fileDetailSn=,15028203
https://www.data.go.kr/cmm/cmm/fileDownload.do?atchFileId=&fileDetailSn=,15029175
https://www.data.go.kr/cmm/cmm/fileDownload.do?atchFileId=&fileDetailSn=,15063953
https://www.data.go.kr/cmm/cmm/fileDownload.do?atchFileId=&fileDetailSn=,15025538
https://www.data.go.kr/cmm/cmm/fileDownload.do?atchFileId=&fileDetailSn=,15029173
