https://www.data.go.kr/data/15096556/fileData.do,F100300001,https://www.data.go.kr/cmm/cmm/fileDownload.do?atchFileId=FILE_000000002494595&fileDetailSn=1&insertDataPrcus=N
https://www.data.go.kr/data/15095659/fileData.do,F100300002,https://www.data.go.kr/cmm/cmm/fileDownload.do?atchFileId=FILE_000000002490451&fileDetailSn=1&insertDataPrcus=N
https://www.data.go.kr/data/15095668/fileData.do,F100300003,https://www.data.go.kr/cmm/cmm/fileDownload.do?atchFileId=FILE_000000002491929&fileDetailSn=1&insertDataPrcus=N
https://www.data.go.kr/data/15095462/fileData.do,F100300004,https://www.data.go.kr/cmm/cmm/fileDownload.do?atchFileId=FILE_000000002491462&fileDetailSn=1&insertDataPrcus=N
https://www.data.go.kr/data/15075579/fileData.do,F100300005,https://www.data.go.kr/cmm/cmm/fileDownload.do?atchFileId=FILE_000000002491456&fileDetailSn=1&insertDataPrcus=N
https://www.data.go.kr/data/15060755/fileData.do,F100300006,https://www.data.go.kr/cmm/cmm/fileDownload.do?atchFileId=FILE_000000002491441&fileDetailSn=1&insertDataPrcus=N
https://www.data.go.kr/data/15074913/fileData.do,F100300007,https://www.data.go.kr/cmm/cmm/fileDownload.do?atchFileId=FILE_000000002491291&fileDetailSn=1&insertDataPrcus=N
https://www.data.go.kr/data/15048864/fileData.do,F100300008,https://www.data.go.kr/cmm/cmm/fileDownload.do?atchFileId=FILE_000000002491289&fileDetailSn=1&insertDataPrcus=N
https://www.data.go.kr/data/3039487/fileData.do,F100300009,https://www.data.go.kr/cmm/cmm/fileDownload.do?atchFileId=FILE_000000002491168&fileDetailSn=1&insertDataPrcus=N
https://www.data.go.kr/data/15023087/fileData.do,F100300010,https://www.data.go.kr/cmm/cmm/fileDownload.do?atchFileId=FILE_000000002490944&fileDetailSn=1&insertDataPrcus=N
https://www.data.go.kr/data/15023086/fileData.do,F100300011,https://www.data.go.kr/cmm/cmm/fileDownload.do?atchFileId=FILE_000000002490946&fileDetailSn=1&insertDataPrcus=N
https://www.data.go.kr/data/15095467/fileData.do,F100300012,https://www.data.go.kr/cmm/cmm/fileDownload.do?atchFileId=FILE_000000002490942&fileDetailSn=1&insertDataPrcus=N
https://www.data.go.kr/data/15095747/fileData.do,F100300013,https://www.data.go.kr/cmm/cmm/fileDownload.do?atchFileId=FILE_000000002490880&fileDetailSn=1&insertDataPrcus=N
https://www.data.go.kr/data/15023883/fileData.do,F100300014,https://www.data.go.kr/cmm/cmm/fileDownload.do?atchFileId=FILE_000000002490551&fileDetailSn=1&insertDataPrcus=N
https://www.data.go.kr/data/15095711/fileData.do,F100300015,https://www.data.go.kr/cmm/cmm/fileDownload.do?atchFileId=FILE_000000002490698&fileDetailSn=1&insertDataPrcus=N
https://www.data.go.kr/data/15013091/fileData.do,F100300016,https://www.data.go.kr/cmm/cmm/fileDownload.do?atchFileId=FILE_000000002490606&fileDetailSn=1&insertDataPrcus=N
https://www.data.go.kr/data/15023088/fileData.do,F100300017,https://www.data.go.kr/cmm/cmm/fileDownload.do?atchFileId=FILE_000000002490604&fileDetailSn=1&insertDataPrcus=N
https://www.data.go.kr/data/15015504/fileData.do,F100300018,https://www.data.go.kr/cmm/cmm/fileDownload.do?atchFileId=FILE_000000002490552&fileDetailSn=1&insertDataPrcus=N
https://www.data.go.kr/data/15007032/fileData.do,F100300019,https://www.data.go.kr/cmm/cmm/fileDownload.do?atchFileId=FILE_000000002488166&fileDetailSn=1&insertDataPrcus=N
https://www.data.go.kr/data/15045144/fileData.do,F100300020,https://www.data.go.kr/cmm/cmm/fileDownload.do?atchFileId=FILE_000000002490427&fileDetailSn=1&insertDataPrcus=N
https://www.data.go.kr/data/15045143/fileData.do,F100300021,https://www.data.go.kr/cmm/cmm/fileDownload.do?atchFileId=FILE_000000002490426&fileDetailSn=1&insertDataPrcus=N
https://www.data.go.kr/data/15074700/fileData.do,F100300022,https://www.data.go.kr/cmm/cmm/fileDownload.do?atchFileId=FILE_000000002490285&fileDetailSn=1&insertDataPrcus=N
https://www.data.go.kr/data/15092027/fileData.do,F100300023,https://www.data.go.kr/cmm/cmm/fileDownload.do?atchFileId=FILE_000000002490154&fileDetailSn=1&insertDataPrcus=N
https://www.data.go.kr/data/15092032/fileData.do,F100300024,https://www.data.go.kr/cmm/cmm/fileDownload.do?atchFileId=FILE_000000002490153&fileDetailSn=1&insertDataPrcus=N
https://www.data.go.kr/data/15053327/fileData.do,F100300025,https://www.data.go.kr/cmm/cmm/fileDownload.do?atchFileId=FILE_000000002490151&fileDetailSn=1&insertDataPrcus=N
https://www.data.go.kr/data/15095520/fileData.do,F100300026,https://www.data.go.kr/cmm/cmm/fileDownload.do?atchFileId=FILE_000000002489940&fileDetailSn=1&insertDataPrcus=N
https://www.data.go.kr/data/3056770/fileData.do,F100300027,https://www.data.go.kr/cmm/cmm/fileDownload.do?atchFileId=FILE_000000002489706&fileDetailSn=1&insertDataPrcus=N
https://www.data.go.kr/data/3050586/fileData.do,F100300028,https://www.data.go.kr/cmm/cmm/fileDownload.do?atchFileId=FILE_000000002489629&fileDetailSn=1&insertDataPrcus=N
https://www.data.go.kr/data/15073975/fileData.do,F100300029,https://www.data.go.kr/cmm/cmm/fileDownload.do?atchFileId=FILE_000000002489627&fileDetailSn=1&insertDataPrcus=N
https://www.data.go.kr/data/15075577/fileData.do,F100300030,https://www.data.go.kr/cmm/cmm/fileDownload.do?atchFileId=FILE_000000002489421&fileDetailSn=1&insertDataPrcus=N
https://www.data.go.kr/data/3084453/fileData.do,F100300031,https://www.data.go.kr/cmm/cmm/fileDownload.do?atchFileId=FILE_000000002489337&fileDetailSn=1&insertDataPrcus=N
https://www.data.go.kr/data/15064167/fileData.do,F100300032,https://www.data.go.kr/cmm/cmm/fileDownload.do?atchFileId=FILE_000000002488548&fileDetailSn=1&insertDataPrcus=N
https://www.data.go.kr/data/15042821/fileData.do,F100300033,https://www.data.go.kr/cmm/cmm/fileDownload.do?atchFileId=FILE_000000002488301&fileDetailSn=1&insertDataPrcus=N
https://www.data.go.kr/data/15042820/fileData.do,F100300034,https://www.data.go.kr/cmm/cmm/fileDownload.do?atchFileId=FILE_000000002488302&fileDetailSn=1&insertDataPrcus=N
https://www.data.go.kr/data/15042822/fileData.do,F100300035,https://www.data.go.kr/cmm/cmm/fileDownload.do?atchFileId=FILE_000000002488309&fileDetailSn=1&insertDataPrcus=N
https://www.data.go.kr/data/15095346/fileData.do,F100300036,https://www.data.go.kr/cmm/cmm/fileDownload.do?atchFileId=FILE_000000002488140&fileDetailSn=1&insertDataPrcus=N
https://www.data.go.kr/data/15074536/fileData.do,F100300037,https://www.data.go.kr/cmm/cmm/fileDownload.do?atchFileId=FILE_000000002487966&fileDetailSn=1&insertDataPrcus=N
https://www.data.go.kr/data/15074477/fileData.do,F100300038,https://www.data.go.kr/cmm/cmm/fileDownload.do?atchFileId=FILE_000000002487910&fileDetailSn=1&insertDataPrcus=Nhttps://www.data.go.kr/data/15096556/fileData.do,F100300001,https://www.data.go.kr/cmm/cmm/fileDownload.do?atchFileId=FILE_000000002494595&fileDetailSn=1&insertDataPrcus=N
https://www.data.go.kr/data/15095659/fileData.do,F100300002,https://www.data.go.kr/cmm/cmm/fileDownload.do?atchFileId=FILE_000000002490451&fileDetailSn=1&insertDataPrcus=N
https://www.data.go.kr/data/15095668/fileData.do,F100300003,https://www.data.go.kr/cmm/cmm/fileDownload.do?atchFileId=FILE_000000002491929&fileDetailSn=1&insertDataPrcus=N
https://www.data.go.kr/data/15095462/fileData.do,F100300004,https://www.data.go.kr/cmm/cmm/fileDownload.do?atchFileId=FILE_000000002491462&fileDetailSn=1&insertDataPrcus=N
https://www.data.go.kr/data/15075579/fileData.do,F100300005,https://www.data.go.kr/cmm/cmm/fileDownload.do?atchFileId=FILE_000000002491456&fileDetailSn=1&insertDataPrcus=N
https://www.data.go.kr/data/15060755/fileData.do,F100300006,https://www.data.go.kr/cmm/cmm/fileDownload.do?atchFileId=FILE_000000002491441&fileDetailSn=1&insertDataPrcus=N
https://www.data.go.kr/data/15074913/fileData.do,F100300007,https://www.data.go.kr/cmm/cmm/fileDownload.do?atchFileId=FILE_000000002491291&fileDetailSn=1&insertDataPrcus=N
https://www.data.go.kr/data/15048864/fileData.do,F100300008,https://www.data.go.kr/cmm/cmm/fileDownload.do?atchFileId=FILE_000000002491289&fileDetailSn=1&insertDataPrcus=N
https://www.data.go.kr/data/3039487/fileData.do,F100300009,https://www.data.go.kr/cmm/cmm/fileDownload.do?atchFileId=FILE_000000002491168&fileDetailSn=1&insertDataPrcus=N
https://www.data.go.kr/data/15023087/fileData.do,F100300010,https://www.data.go.kr/cmm/cmm/fileDownload.do?atchFileId=FILE_000000002490944&fileDetailSn=1&insertDataPrcus=N
https://www.data.go.kr/data/15023086/fileData.do,F100300011,https://www.data.go.kr/cmm/cmm/fileDownload.do?atchFileId=FILE_000000002490946&fileDetailSn=1&insertDataPrcus=N
https://www.data.go.kr/data/15095467/fileData.do,F100300012,https://www.data.go.kr/cmm/cmm/fileDownload.do?atchFileId=FILE_000000002490942&fileDetailSn=1&insertDataPrcus=N
https://www.data.go.kr/data/15095747/fileData.do,F100300013,https://www.data.go.kr/cmm/cmm/fileDownload.do?atchFileId=FILE_000000002490880&fileDetailSn=1&insertDataPrcus=N
https://www.data.go.kr/data/15023883/fileData.do,F100300014,https://www.data.go.kr/cmm/cmm/fileDownload.do?atchFileId=FILE_000000002490551&fileDetailSn=1&insertDataPrcus=N
https://www.data.go.kr/data/15095711/fileData.do,F100300015,https://www.data.go.kr/cmm/cmm/fileDownload.do?atchFileId=FILE_000000002490698&fileDetailSn=1&insertDataPrcus=N
https://www.data.go.kr/data/15013091/fileData.do,F100300016,https://www.data.go.kr/cmm/cmm/fileDownload.do?atchFileId=FILE_000000002490606&fileDetailSn=1&insertDataPrcus=N
https://www.data.go.kr/data/15023088/fileData.do,F100300017,https://www.data.go.kr/cmm/cmm/fileDownload.do?atchFileId=FILE_000000002490604&fileDetailSn=1&insertDataPrcus=N
https://www.data.go.kr/data/15015504/fileData.do,F100300018,https://www.data.go.kr/cmm/cmm/fileDownload.do?atchFileId=FILE_000000002490552&fileDetailSn=1&insertDataPrcus=N
https://www.data.go.kr/data/15007032/fileData.do,F100300019,https://www.data.go.kr/cmm/cmm/fileDownload.do?atchFileId=FILE_000000002488166&fileDetailSn=1&insertDataPrcus=N
https://www.data.go.kr/data/15045144/fileData.do,F100300020,https://www.data.go.kr/cmm/cmm/fileDownload.do?atchFileId=FILE_000000002490427&fileDetailSn=1&insertDataPrcus=N
https://www.data.go.kr/data/15045143/fileData.do,F100300021,https://www.data.go.kr/cmm/cmm/fileDownload.do?atchFileId=FILE_000000002490426&fileDetailSn=1&insertDataPrcus=N
https://www.data.go.kr/data/15074700/fileData.do,F100300022,https://www.data.go.kr/cmm/cmm/fileDownload.do?atchFileId=FILE_000000002490285&fileDetailSn=1&insertDataPrcus=N
https://www.data.go.kr/data/15092027/fileData.do,F100300023,https://www.data.go.kr/cmm/cmm/fileDownload.do?atchFileId=FILE_000000002490154&fileDetailSn=1&insertDataPrcus=N
https://www.data.go.kr/data/15092032/fileData.do,F100300024,https://www.data.go.kr/cmm/cmm/fileDownload.do?atchFileId=FILE_000000002490153&fileDetailSn=1&insertDataPrcus=N
https://www.data.go.kr/data/15053327/fileData.do,F100300025,https://www.data.go.kr/cmm/cmm/fileDownload.do?atchFileId=FILE_000000002490151&fileDetailSn=1&insertDataPrcus=N
https://www.data.go.kr/data/15095520/fileData.do,F100300026,https://www.data.go.kr/cmm/cmm/fileDownload.do?atchFileId=FILE_000000002489940&fileDetailSn=1&insertDataPrcus=N
https://www.data.go.kr/data/3056770/fileData.do,F100300027,https://www.data.go.kr/cmm/cmm/fileDownload.do?atchFileId=FILE_000000002489706&fileDetailSn=1&insertDataPrcus=N
https://www.data.go.kr/data/3050586/fileData.do,F100300028,https://www.data.go.kr/cmm/cmm/fileDownload.do?atchFileId=FILE_000000002489629&fileDetailSn=1&insertDataPrcus=N
https://www.data.go.kr/data/15073975/fileData.do,F100300029,https://www.data.go.kr/cmm/cmm/fileDownload.do?atchFileId=FILE_000000002489627&fileDetailSn=1&insertDataPrcus=N
https://www.data.go.kr/data/15075577/fileData.do,F100300030,https://www.data.go.kr/cmm/cmm/fileDownload.do?atchFileId=FILE_000000002489421&fileDetailSn=1&insertDataPrcus=N
https://www.data.go.kr/data/3084453/fileData.do,F100300031,https://www.data.go.kr/cmm/cmm/fileDownload.do?atchFileId=FILE_000000002489337&fileDetailSn=1&insertDataPrcus=N
https://www.data.go.kr/data/15064167/fileData.do,F100300032,https://www.data.go.kr/cmm/cmm/fileDownload.do?atchFileId=FILE_000000002488548&fileDetailSn=1&insertDataPrcus=N
https://www.data.go.kr/data/15042821/fileData.do,F100300033,https://www.data.go.kr/cmm/cmm/fileDownload.do?atchFileId=FILE_000000002488301&fileDetailSn=1&insertDataPrcus=N
https://www.data.go.kr/data/15042820/fileData.do,F100300034,https://www.data.go.kr/cmm/cmm/fileDownload.do?atchFileId=FILE_000000002488302&fileDetailSn=1&insertDataPrcus=N
https://www.data.go.kr/data/15042822/fileData.do,F100300035,https://www.data.go.kr/cmm/cmm/fileDownload.do?atchFileId=FILE_000000002488309&fileDetailSn=1&insertDataPrcus=N
https://www.data.go.kr/data/15095346/fileData.do,F100300036,https://www.data.go.kr/cmm/cmm/fileDownload.do?atchFileId=FILE_000000002488140&fileDetailSn=1&insertDataPrcus=N
https://www.data.go.kr/data/15074536/fileData.do,F100300037,https://www.data.go.kr/cmm/cmm/fileDownload.do?atchFileId=FILE_000000002487966&fileDetailSn=1&insertDataPrcus=N
https://www.data.go.kr/data/15074477/fileData.do,F100300038,https://www.data.go.kr/cmm/cmm/fileDownload.do?atchFileId=FILE_000000002487910&fileDetailSn=1&insertDataPrcus=N
